Handle,Title,Body (HTML),Vendor,Type,Tags,Published,Option1 Name,Option1 Value,Option2 Name,Option2 Value,Option3 Name,Option3 Value,Variant SKU,Variant Grams,Variant Inventory Tracker,Variant Inventory Qty,Variant Inventory Policy,Variant Fulfillment Service,Variant Price,Variant Compare At Price,Variant Requires Shipping,Variant Taxable,Variant Barcode,Image Src,Image Position,Image Alt Text,Gift Card,SEO Title,SEO Description,Google Shopping / Google Product Category,Google Shopping / Gender,Google Shopping / Age Group,Google Shopping / MPN,Google Shopping / AdWords Grouping,Google Shopping / AdWords Labels,Google Shopping / Condition,Google Shopping / Custom Product,Google Shopping / Custom Label 0,Google Shopping / Custom Label 1,Google Shopping / Custom Label 2,Google Shopping / Custom Label 3,Google Shopping / Custom Label 4,Variant Image,Variant Weight Unit,Variant Tax Code,Cost per item
whole-chicken-800g,Whole Chicken 800g,"",picksystore,"","Bone, Chicken, Trending, Whole",true,Title,Default Title,,,,,"",0.0,,500,deny,manual,3.55,,true,true,"",https://cdn.shopify.com/s/files/1/0269/5226/9939/products/WholeChicken.jpg?v=1586955019,1,,false,,,,,,,,,,,,,,,,,lb,,
beef-t-bone-850g,Beef T Bone 850g,"",picksystore,"","Beef, Featured, Steak, Trending",true,Title,Default Title,,,,,"",0.0,,500,deny,manual,8.95,,true,true,"",https://cdn.shopify.com/s/files/1/0269/5226/9939/products/vealMeat.jpg?v=1586954970,1,,false,,,,,,,,,,,,,,,,,lb,,
trout-600g,Atlantic Salmon Fillets Farm-Raised 200g,"",picksystore,"","Fish, Fresh, Sea",true,Title,Default Title,,,,,"",0.0,,500,deny,manual,6.50,,true,true,"",https://cdn.shopify.com/s/files/1/0269/5226/9939/products/SalmonFilletsFarm-Raised.jpg?v=1587983169,1,,false,,,,,,,,,,,,,,,,,lb,,
swaggertys-farm-all-natural-mild-premium-sausage-patties-350g,Swaggerty's Farm All Natural Mild Premium Sausage Patties 350g,"",picksystore,"","Natural, Packed, Sausage, Trending",true,Title,Default Title,,,,,"",0.0,,500,deny,manual,4.00,,true,true,"",https://cdn.shopify.com/s/files/1/0269/5226/9939/products/Swaggerty_sFarmAllNaturalMildPremiumSausagePatties.jpg?v=1586954653,1,,false,,,,,,,,,,,,,,,,,lb,,
swaggertys-farm-all-natural-mild-premium-sausage-350g,Swaggerty's Farm All Natural Mild Premium Sausage 350g,"",picksystore,"","Natural, Packed, Trending",true,Title,Default Title,,,,,"",0.0,,500,deny,manual,4.95,,true,true,"",https://cdn.shopify.com/s/files/1/0269/5226/9939/products/Swaggerty_sFarmAllNaturalMildPremiumSausageLinks.jpg?v=1586954600,1,,false,,,,,,,,,,,,,,,,,lb,,
sole-500g,Catfish Filet 300g,"",picksystore,"","Fish, Fresh, Sea, Sliced, Trending",true,Title,Default Title,,,,,"",0.0,,500,deny,manual,7.25,,true,true,"",https://cdn.shopify.com/s/files/1/0269/5226/9939/products/CatfishFilet.jpg?v=1587983517,1,,false,,,,,,,,,,,,,,,,,lb,,
sliced-top-round-london-broil-500g,Sliced Top Round London Broil 500g,"",picksystore,"","Fresh, Meat, Steak",true,Title,Default Title,,,,,"",0.0,,500,deny,manual,9.99,,true,true,"",https://cdn.shopify.com/s/files/1/0269/5226/9939/products/SlicedTopRoundLondonBroil_Package.jpg?v=1586953981,1,,false,,,,,,,,,,,,,,,,,lb,,
sliced-pepperoni-100g,Sliced Pepperoni 100g,"",picksystore,"","Featured, Meat, Sliced",true,Title,Default Title,,,,,"",0.0,,500,deny,manual,2.10,,true,true,"",https://cdn.shopify.com/s/files/1/0269/5226/9939/products/SlicedPepperoni_Package.jpg?v=1586953795,1,,false,,,,,,,,,,,,,,,,,lb,,
sliced-homestyle-turkey-breast-300g,Sliced Homestyle Turkey Breast 300g,"",picksystore,"","Breast, Meat, Trending, Turkey",true,Title,Default Title,,,,,"",0.0,,500,deny,manual,1.95,,true,true,"",https://cdn.shopify.com/s/files/1/0269/5226/9939/products/SlicedHomestyleTurkeyBreast_Package.jpg?v=1586953717,1,,false,,,,,,,,,,,,,,,,,lb,,
salmon-400g,Northern Halibut Portions 500g,"",picksystore,"","Featured, Fish, Sliced",true,Title,Default Title,,,,,"",0.0,,500,deny,manual,6.99,,true,true,"",https://cdn.shopify.com/s/files/1/0269/5226/9939/products/NorthernHalibutPortions.jpg?v=1587983464,1,,false,,,,,,,,,,,,,,,,,lb,,
halibout-600g,"Swordfish, Previously Frozen 600g","",picksystore,"","Fish, Frozen, Sliced, Trending",true,Title,Default Title,,,,,"",0.0,,500,deny,manual,8.99,,true,true,"",https://cdn.shopify.com/s/files/1/0269/5226/9939/products/SwordfishPreviouslyFrozen.jpg?v=1587983406,1,,false,,,,,,,,,,,,,,,,,lb,,
ground-chicken-300g,Ground Chicken 300g,"",picksystore,"","Chicken, Ground, Trending",true,Title,Default Title,,,,,"",0.0,,495,deny,manual,3.25,,true,true,"",https://cdn.shopify.com/s/files/1/0269/5226/9939/products/GroundChicken.jpg?v=1586953588,1,,false,,,,,,,,,,,,,,,,,lb,,
pure-bacon-300g,Pure Bacon  300g,"",picksystore,"","Featured, Meat, Packed, Trending",true,Title,Default Title,,,,,"",0.0,,500,deny,manual,1.95,,true,true,"",https://cdn.shopify.com/s/files/1/0269/5226/9939/products/FarmlandBacon.jpg?v=1586953544,1,,false,,,,,,,,,,,,,,,,,lb,,
chicken-wings-300g,Chicken Wings 300g,"",picksystore,"","Chicken, Featured, Fresh, Wings",true,Title,Default Title,,,,,"",0.0,,500,deny,manual,2.99,,true,true,"",https://cdn.shopify.com/s/files/1/0269/5226/9939/products/ChickenWings.jpg?v=1586953456,1,,false,,,,,,,,,,,,,,,,,lb,,
boneless-chicken-500g,Boneless Chicken  500g,"",picksystore,"","Chicken, Fresh, Sliced, Trending",true,Title,Default Title,,,,,"",0.0,,500,deny,manual,3.25,,true,true,"",https://cdn.shopify.com/s/files/1/0269/5226/9939/products/ChickenTenders.jpg?v=1586953420,1,,false,,,,,,,,,,,,,,,,,lb,,
chicken-breast-500g,Chicken Breast 500g,"",picksystore,"","Breast, Chicken, Featured, Fresh",true,Title,Default Title,,,,,"",0.0,,500,deny,manual,3.99,,true,true,"",https://cdn.shopify.com/s/files/1/0269/5226/9939/products/ChickenBreast.jpg?v=1586953354,1,,false,,,,,,,,,,,,,,,,,lb,,
catfish-300g,Wild Cod Filet Previously Frozen 300g,"",picksystore,"","Fish, River, Sliced",true,Title,Default Title,,,,,"",0.0,,200,deny,manual,8.95,,true,true,"",https://cdn.shopify.com/s/files/1/0269/5226/9939/products/WildCodFiletPreviouslyFrozen.jpg?v=1587983324,1,,false,,,,,,,,,,,,,,,,,lb,,
c-wirthy-co-blackened-salmon-fillets-300g,C. Wirthy & Co. Blackened Salmon Fillets 300g,"",picksystore,"","Fillet, Fish, Packed, Salmon, Trending",true,Title,Default Title,,,,,"",0.0,,500,deny,manual,5.95,,true,true,"",https://cdn.shopify.com/s/files/1/0269/5226/9939/products/C.Wirthy_Co.BlackenedSalmonFillets.jpg?v=1586953097,1,,false,,,,,,,,,,,,,,,,,lb,,
beyond-beef-vacuum-packed-200g,"Beyond Beef, Vacuum Packed 200g","",picksystore,"","Boneless, Featured, Meat, Packed",true,Title,Default Title,,,,,"",0.0,,500,deny,manual,2.95,,true,true,"",https://cdn.shopify.com/s/files/1/0269/5226/9939/products/BeyondMeatPatty_Plant-BasedGround_BeyondBeef_VacuumPacked.jpg?v=1586953043,1,,false,,,,,,,,,,,,,,,,,lb,,
beef-rib-850g,Beef Rib 850g,"",picksystore,"","Bone, Featured, Fresh, Meat",true,Title,Default Title,,,,,"",0.0,,500,deny,manual,6.95,,true,true,"",https://cdn.shopify.com/s/files/1/0269/5226/9939/products/beefribs.jpg?v=1586952812,1,,false,,,,,,,,,,,,,,,,,lb,,
zen-bakery-blueberry-oat-bran-muffin-100g,Zen Bakery Blueberry-Oat Bran Muffin 100g,"",picksystore,"","Featured, Fresh, Muffin, Packed, Trending",true,Title,Default Title,,,,,"",0.0,,500,deny,manual,0.55,,true,true,"",https://cdn.shopify.com/s/files/1/0269/5226/9939/products/ZenBakeryBlueberry-OatBranMuffin4Ct.jpg?v=1586951390,1,,false,,,,,,,,,,,,,,,,,lb,,
udis-gluten-free-sandwich-bread-500g,Udi's Gluten-Free Sandwich Bread 500g,"",picksystore,"","Fresh, Packed, Trending, White",true,Title,Default Title,,,,,"",0.0,,500,deny,manual,0.85,,true,true,"",https://cdn.shopify.com/s/files/1/0269/5226/9939/products/Udi_sGluten-FreeSandwichBreadWhite.jpg?v=1586951259,1,,false,,,,,,,,,,,,,,,,,lb,,
sprouts-seedsational-white-bread-400g,Sprouts Seedsational White Bread. 400g,"",picksystore,"","Fresh, Packed, White",true,Title,Default Title,,,,,"",0.0,,500,deny,manual,0.95,,true,true,"",https://cdn.shopify.com/s/files/1/0269/5226/9939/products/SproutsSeedsationalBread.jpg?v=1586951215,1,,false,,,,,,,,,,,,,,,,,lb,,
sliced-french-bread-150g,Sliced French Bread 150g,"",picksystore,"","Fresh, Sliced, Trending",true,Title,Default Title,,,,,"",0.0,,500,deny,manual,2.00,,true,true,"",https://cdn.shopify.com/s/files/1/0269/5226/9939/products/SlicedFrenchBread.jpg?v=1586951163,1,,false,,,,,,,,,,,,,,,,,lb,,
oroweat-organic-smooth-wheat-bread-520g,Oroweat Organic Smooth Wheat Bread  520g,"",picksystore,"","Baked, Fresh, Organic, Trending, Wheat",true,Title,Default Title,,,,,"",0.0,,500,deny,manual,1.35,,true,true,"",https://cdn.shopify.com/s/files/1/0269/5226/9939/products/OroweatOrganicSmoothWheatBread.jpg?v=1586951113,1,,false,,,,,,,,,,,,,,,,,lb,,
oasis-healthgrains-brown-bread-430g,Oasis Healthgrains Brown Bread 430g,"",picksystore,"","Brown, Featured, Fresh, Packed",true,Title,Default Title,,,,,"",0.0,,0,deny,manual,1.40,,true,true,"",https://cdn.shopify.com/s/files/1/0269/5226/9939/products/OasisHealthgrainsBread.jpg?v=1586951061,1,,false,,,,,,,,,,,,,,,,,lb,,
natures-own-whole-wheat-bread-480g,Nature's Own Whole Wheat Bread 480g,"",picksystore,"","Featured, Fresh, Packed, Wheat, White, Whole",true,Title,Default Title,,,,,"",0.0,,500,deny,manual,1.20,,true,true,"",https://cdn.shopify.com/s/files/1/0269/5226/9939/products/Nature_sOwn100_WholeWheatBread.jpg?v=1586951010,1,,false,,,,,,,,,,,,,,,,,lb,,
mini-danish-maple-pecan-pastry-100g,Mini Danish Maple Pecan Pastry 100g,"",picksystore,"","Danish, Fresh, Trending",true,Title,Default Title,,,,,"",0.0,,500,deny,manual,2.00,,true,true,"",https://cdn.shopify.com/s/files/1/0269/5226/9939/products/MiniDanishMaplePecanPastry.jpg?v=1586950867,1,,false,,,,,,,,,,,,,,,,,lb,,
market-corner-white-family-bread-500g,Market Corner White Family Bread 500g,"",picksystore,"","Featured, Fresh, Packed, Trending, White",true,Title,Default Title,,,,,"",0.0,,500,deny,manual,0.90,,true,true,"",https://cdn.shopify.com/s/files/1/0269/5226/9939/products/MarketCornerWhiteFamilyBread.jpg?v=1586950833,1,,false,,,,,,,,,,,,,,,,,lb,,
market-corner-classic-burger-buns-400g,Market Corner Classic Burger Buns 400g,"",picksystore,"","Buns, Featured, Fresh, Packed",true,Title,Default Title,,,,,"",0.0,,500,deny,manual,0.50,,true,true,"",https://cdn.shopify.com/s/files/1/0269/5226/9939/products/MarketCornerClassicBurgerBuns.jpg?v=1586950786,1,,false,,,,,,,,,,,,,,,,,lb,,
katz-heavenly-creme-cakes-vanilla-260g,Katz Heavenly Creme Cakes Vanilla 260g,"",picksystore,"","Cake, Featured, Fresh, Trending, Vanilla",true,Title,Default Title,,,,,"",0.0,shopify,500,deny,manual,1.80,,true,true,"",https://cdn.shopify.com/s/files/1/0269/5226/9939/products/KatzGlutenFreeHeavenlyCremeCakesVanilla.jpg?v=1586950731,1,,false,,,,,,,,,,,,,,,,,lb,,
katz-creme-cakes-260g,Katz Creme Cakes 260g,"",picksystore,"","Cake, Fresh, Trending",true,Title,Default Title,,,,,"",0.0,,500,deny,manual,1.95,,true,true,"",https://cdn.shopify.com/s/files/1/0269/5226/9939/products/KatzCremeCakes_Heavenly_Chocolate.jpg?v=1586950598,1,,false,,,,,,,,,,,,,,,,,lb,,
half-apple-pie-250g,Half Apple Pie 250g,"",picksystore,"","Apple, Baked, Fresh, Pie",true,Title,Default Title,,,,,"",0.0,,500,deny,manual,4.50,,true,true,"",https://cdn.shopify.com/s/files/1/0269/5226/9939/products/HalfApplePie.jpg?v=1586950534,1,,false,,,,,,,,,,,,,,,,,lb,,
fresh-baked-double-crust-peach-pie-100g,Fresh Baked Double Crust Peach Pie 100g,"",picksystore,"","Baked, Fresh, Pie, Trending",true,Title,Default Title,,,,,"",0.0,,550,deny,manual,2.20,,true,true,"",https://cdn.shopify.com/s/files/1/0269/5226/9939/products/FreshBakedDoubleCrustPeachPie.jpg?v=1586950486,1,,false,,,,,,,,,,,,,,,,,lb,,
fresh-baked-double-crust-berry-pie-50g,Fresh Baked Double Crust Berry Pie 50g,"",picksystore,"","Baked, Fresh, Pie, Trending",true,Title,Default Title,,,,,"",0.0,,500,deny,manual,1.50,,true,true,"",https://cdn.shopify.com/s/files/1/0269/5226/9939/products/FreshBakedDoubleCrustBerryPie.jpg?v=1586950435,1,,false,,,,,,,,,,,,,,,,,lb,,
flax-4-life-muffins-10g,Flax 4 Life Muffins  10g,"",picksystore,"","Baked, Featured, Fresh, Muffin",true,Title,Default Title,,,,,"",0.0,,501,deny,manual,0.45,,true,true,"",https://cdn.shopify.com/s/files/1/0269/5226/9939/products/Flax4LifeMuffins_GlutenFree_Flax_CarrotRaisin.jpg?v=1586950379,1,,false,,,,,,,,,,,,,,,,,lb,,
classic-baguette-200g,Classic Baguette 200g,"",picksystore,"","Baked, French, Fresh, Trending",true,Title,Default Title,,,,,"",0.0,,0,deny,manual,0.50,,true,true,"",https://cdn.shopify.com/s/files/1/0269/5226/9939/products/ClassicBaguette.jpg?v=1586950312,1,,false,,,,,,,,,,,,,,,,,lb,,
chompies-low-carb-multigrain-brown-bread-500g,Chompies Low Carb Multigrain Brown Bread 500g,"",picksystore,"","Brown, Fresh, Multigrain, Wheat",true,Title,Default Title,,,,,"",0.0,,500,deny,manual,0.95,,true,true,"",https://cdn.shopify.com/s/files/1/0269/5226/9939/products/ChompiesLowCarbMultigrainBread.jpg?v=1586950239,1,,false,,,,,,,,,,,,,,,,,lb,,
oroweat-organic-rustic-white-bread-600g,Oroweat Organic Rustic White Bread 600g,"",picksystore,"","Fresh, Organic, Trending, Wheat",true,Title,Default Title,,,,,"",0.0,,500,deny,manual,1.10,,true,true,"",https://cdn.shopify.com/s/files/1/0269/5226/9939/products/CanyonBakehouseGlutenFreeOroweatOrganicRusticWhiteBreadMountainWhiteBread.jpg?v=1586950181,1,,false,,,,,,,,,,,,,,,,,lb,,
oroweat-whole-grains-100-whole-wheat-brown-bread-600g,Oroweat Whole Grains 100% Whole Wheat Brown Bread 600g,"",picksystore,"","Brown, Featured, Fresh, Wheat",true,Title,Default Title,,,,,"",0.0,,500,deny,manual,0.90,,true,true,"",https://cdn.shopify.com/s/files/1/0269/5226/9939/products/Brownberry-Arnold-OroweatWholeGrains100_WholeWheatBread.jpg?v=1586950108,1,,false,,,,,,,,,,,,,,,,,lb,,
oroweat-country-potato-sandwich-buns-600g,Oroweat Country Potato Sandwich Buns 600g,"",picksystore,"","Buns, Fresh, Trending, Wheat",true,Title,Default Title,,,,,"",0.0,,500,deny,manual,0.70,,true,true,"",https://cdn.shopify.com/s/files/1/0269/5226/9939/products/Brownberry-Arnold-OroweatCountryPotatoSandwichBuns.jpg?v=1586949849,1,,false,,,,,,,,,,,,,,,,,lb,,
oroweat-whole-wheat-sandwich-buns-500g,Oroweat Whole Wheat Sandwich Buns 500g,"",picksystore,"","Buns, Fresh, Trending, Wheat",true,Title,Default Title,,,,,"",0.0,,500,deny,manual,0.60,,true,true,"",https://cdn.shopify.com/s/files/1/0269/5226/9939/products/Brownberry-Arnold-Oroweat100_WholeWheatSandwichBuns.jpg?v=1586949954,1,,false,,,,,,,,,,,,,,,,,lb,,
all-natural-raspberry-strudel-bites-150g,All Natural Raspberry Strudel Bites 150g,"",picksystore,"","Diced, Featured, Fresh",true,Title,Default Title,,,,,"",0.0,,500,deny,manual,0.99,,true,true,"",https://cdn.shopify.com/s/files/1/0269/5226/9939/products/AllNaturalRaspberryStrudelBites.jpg?v=1586950001,1,,false,,,,,,,,,,,,,,,,,lb,,
sprouts-organic-garlic-granules-70g,Sprouts Organic Garlic Granules 70g,"",picksystore,"","Hive, Honey, Pure, Raw",true,Title,Default Title,,,,,"",0.0,,500,deny,manual,1.20,,true,true,"",https://cdn.shopify.com/s/files/1/0269/5226/9939/products/Y.s.-Eco-Bee-Farms-Raw-Honey-update-1.jpg?v=1587920353,1,,false,,,,,,,,,,,,,,,,,lb,,
wedderspoon-manuka-raw-honey-500g,"Wedderspoon  Manuka, Raw Honey 500g","",picksystore,"","Featured, Honey, Natural, Pure, Raw",true,Title,Default Title,,,,,"",0.0,,500,deny,manual,6.10,,true,true,"",https://cdn.shopify.com/s/files/1/0269/5226/9939/products/Wedderspoon-Honey_-Manuka_-Raw_-KFactor-16-update-1.jpg?v=1587920313,1,,false,,,,,,,,,,,,,,,,,lb,,
sprouts-organic-turmeric-root-powder-40g,Sprouts Organic Turmeric Root Powder 40g,"",picksystore,"","Organic, Powder, Trending",true,Title,Default Title,,,,,"",0.0,,500,deny,manual,0.70,,true,true,"",https://cdn.shopify.com/s/files/1/0269/5226/9939/products/Sprouts-Organic-Turmeric-Root-Powder-Spice-update-1.jpg?v=1587920284,1,,false,,,,,,,,,,,,,,,,,lb,,
sprouts-organic-refined-coconut-oil-400ml,Sprouts Organic Refined Coconut Oil 400ml,"",picksystore,"","Coconut, Oil, Organic, Refined, Trending",true,Title,Default Title,,,,,"",0.0,,500,deny,manual,3.80,,true,true,"",https://cdn.shopify.com/s/files/1/0269/5226/9939/products/Sprouts-Organic-Refined-Coconut-Oil-update-1.jpg?v=1587920234,1,,false,,,,,,,,,,,,,,,,,lb,,
sprouts-organic-garlic-granules-spice-65g,Sprouts Organic Garlic Granules Spice 65g,"",picksystore,"","Garlic, Granules, Organic, Spice",true,Title,Default Title,,,,,"",0.0,,500,deny,manual,0.80,,true,true,"",https://cdn.shopify.com/s/files/1/0269/5226/9939/products/Sprouts-Organic-Garlic-Granules-Spice-update-1.jpg?v=1587920180,1,,false,,,,,,,,,,,,,,,,,lb,,
sprouts-organic-coconut-oil-440ml,Sprouts Organic Coconut Oil 440ml,"",picksystore,"","Coconut, Featured, Oil, Organic",true,Title,Default Title,,,,,"",0.0,,500,deny,manual,4.80,,true,true,"",https://cdn.shopify.com/s/files/1/0269/5226/9939/products/Sprouts-Organic-Coconut-Oil-update-1.jpg?v=1587920142,1,,false,,,,,,,,,,,,,,,,,lb,,
sprouts-organic-cinnamon-powder-50g,Sprouts Organic Cinnamon Powder 50g,"",picksystore,"","Bottled, Organic, Powder, Trending",true,Title,Default Title,,,,,"",0.0,,500,deny,manual,2.10,,true,true,"",https://cdn.shopify.com/s/files/1/0269/5226/9939/products/Sprouts-Organic-Cinnamon-Powder-update-1.jpg?v=1587920095,1,,false,,,,,,,,,,,,,,,,,lb,,
spectrum-refined-high-heat-canola-oil-740ml,Spectrum Refined High Heat Canola Oil 740ml,"",picksystore,"","Bottled, Canola, Oil, Refined, Trending",true,Title,Default Title,,,,,"",0.0,,505,deny,manual,4.20,,true,true,"",https://cdn.shopify.com/s/files/1/0269/5226/9939/products/Spectrum-Refined-High-Heat-Canola-Oil-update-1.jpg?v=1587920020,1,,false,,,,,,,,,,,,,,,,,lb,,
spectrum-organic-balsamic-vinegar-of-modena-330ml,Spectrum Organic Balsamic Vinegar of Modena 330ml,"",picksystore,"","Balsamic, Modena, Organic, Trending, Vinegar",true,Title,Default Title,,,,,"",0.0,,500,deny,manual,2.20,,true,true,"",https://cdn.shopify.com/s/files/1/0269/5226/9939/products/Spectrum-Organic-Balsamic-Vinegar-of-Modena-update-1.jpg?v=1587919916,1,,false,,,,,,,,,,,,,,,,,lb,,
simply-organic-paprika-80g,Simply Organic Paprika 80g,"",picksystore,"","Bottled, Organic, Paprika, Trending",true,Title,Default Title,,,,,"",0.0,,500,deny,manual,2.95,,true,true,"",https://cdn.shopify.com/s/files/1/0269/5226/9939/products/Simply-Organic-Paprika-update-1.jpg?v=1587919867,1,,false,,,,,,,,,,,,,,,,,lb,,
simply-organic-certified-organic-garlic-n-herb-80g,Simply Organic Certified Organic Garlic N Herb 80g,"",picksystore,"","Bottled, Certified, Featured, Herbs, Spice",true,Title,Default Title,,,,,"",0.0,,500,deny,manual,2.35,,true,true,"",https://cdn.shopify.com/s/files/1/0269/5226/9939/products/Simply-Organic-Certified-Organic-Garlic-N-Herb-update-1.jpg?v=1587919806,1,,false,,,,,,,,,,,,,,,,,lb,,
nutiva-coconut-oil-150ml,Nutiva Coconut Oil 150ml,"",picksystore,"","Coconut, Featured, Oil",true,Title,Default Title,,,,,"",0.0,,501,deny,manual,1.50,,true,true,"",https://cdn.shopify.com/s/files/1/0269/5226/9939/products/Nutiva-Coconut-Oil_-Classic_-Liquid-update-1.jpg?v=1587919733,1,,false,,,,,,,,,,,,,,,,,lb,,
nature-nates-raw-unfiltered-honey-200g,Nature Nate's Raw & Unfiltered Honey 200g,"",picksystore,"","Bottled, Hive, Honey, Trending",true,Title,Default Title,,,,,"",0.0,,500,deny,manual,4.25,,true,true,"",https://cdn.shopify.com/s/files/1/0269/5226/9939/products/Nature-Nate_s-100_-Pure-Raw-_-Unfiltered-Honey-update-1.jpg?v=1587919691,1,,false,,,,,,,,,,,,,,,,,lb,,
local-hive-so-cal-raw-unfiltered-honey-300g,Local Hive So Cal Raw & Unfiltered Honey 300g,"",picksystore,"","Featured, Hive, Honey, Raw",true,Title,Default Title,,,,,"",0.0,,500,deny,manual,4.99,,true,true,"",https://cdn.shopify.com/s/files/1/0269/5226/9939/products/Local-Hive-So-Cal-Raw-_-Unfiltered-Honey-update-1.jpg?v=1587918557,1,,false,,,,,,,,,,,,,,,,,lb,,
lily-of-the-desert-aloe-vera-gelly-600ml,Lily of the Desert Aloe Vera Gelly 600ml,"",picksystore,"","Aloevera, Gelly",true,Title,Default Title,,,,,"",0.0,,500,deny,manual,6.25,,true,true,"",https://cdn.shopify.com/s/files/1/0269/5226/9939/products/Lily-of-the-Desert-99_-Aloe-Vera-Gelly-update-1.jpg?v=1587918516,1,,false,,,,,,,,,,,,,,,,,lb,,
glory-bee-refined-organic-coconut-oil-350ml,Glory Bee Refined Organic Coconut Oil 350ml,"",picksystore,"","Coconut, Oil, Organic, Refined",true,Title,Default Title,,,,,"",0.0,,500,deny,manual,2.95,,true,true,"",https://cdn.shopify.com/s/files/1/0269/5226/9939/products/GloryBee-Refined-Organic-Coconut-Oil-update-1.jpg?v=1587918442,1,,false,,,,,,,,,,,,,,,,,lb,,
dr-bronners-organic-virgin-coconut-oil-450ml,Dr. Bronner's Organic Virgin Coconut Oil 450ml,"",picksystore,"","Coconut, Featured, Oil, Virgin",true,Title,Default Title,,,,,"",0.0,,500,deny,manual,3.50,,true,true,"",https://cdn.shopify.com/s/files/1/0269/5226/9939/products/Dr.-Bronner_s-All-One_-Dr.-Bronner_s-Organic-Virgin-Coconut-Oil-update-1.jpg?v=1587918381,1,,false,,,,,,,,,,,,,,,,,lb,,
chosen-foods-avocado-oil-335ml,Chosen Foods Avocado Oil 335ml,"",picksystore,"","Avocado, Oil, Trending",true,Title,Default Title,,,,,"",0.0,,500,deny,manual,4.25,,true,true,"",https://cdn.shopify.com/s/files/1/0269/5226/9939/products/Chosen-Foods-Avocado-Oil-update-1.jpg?v=1587918336,1,,false,,,,,,,,,,,,,,,,,lb,,
bloom-honey-100-raw-highland-honey-500g,Bloom Honey 100% Raw Highland Honey 500g,"",picksystore,"","Honey, Raw, Trending",true,Title,Default Title,,,,,"",0.0,,500,deny,manual,4.95,,true,true,"",https://cdn.shopify.com/s/files/1/0269/5226/9939/products/Bloom-Honey-100_-Raw-Highland-Honey-update-1.jpg?v=1587918291,1,,false,,,,,,,,,,,,,,,,,lb,,
bertolli-cold-extracted-original-extra-virgin-olive-oil-350ml,Bertolli Cold Extracted Original Extra Virgin Olive Oil 350ml,"",picksystore,"","Extracted, Featured, Original, Virgin",true,Title,Default Title,,,,,"",0.0,,500,deny,manual,5.00,,true,true,"",https://cdn.shopify.com/s/files/1/0269/5226/9939/products/Bertolli-Cold-Extracted-Original-Extra-Virgin-Olive-Oil-update-1.jpg?v=1587918244,1,,false,,,,,,,,,,,,,,,,,lb,,
tillamook-kosher-medium-cheddar-100,Tillamook  Kosher Medium Cheddar 100,"",picksystore,"","Cheddar, Cheese",true,Title,Default Title,,,,,"",0.0,,500,deny,manual,2.45,,true,true,"",https://cdn.shopify.com/s/files/1/0269/5226/9939/products/Tillamook-Cheese_-Kosher_-Medium-Cheddar-update-1.jpg?v=1587917996,1,,false,,,,,,,,,,,,,,,,,lb,,
siggis-low-fat-blackberry-yogurt-225g,Siggi's  Low-Fat Blackberry Yogurt 225g,"",picksystore,"","Blackberry, Low-Fat, Yogurt",true,Title,Default Title,,,,,"",0.0,,500,deny,manual,3.40,,true,true,"",https://cdn.shopify.com/s/files/1/0269/5226/9939/products/Siggis-Yogurt_-Low-Fat_-Icelandic-Style-Cream-Skyr-Strained_-Blackberry-update-1.jpg?v=1587918173,1,,false,,,,,,,,,,,,,,,,,lb,,
siggis-peach-yogurt-225g,Siggi's Peach Yogurt 225g,"",picksystore,"","Featured, Peach, Yogurt",true,Title,Default Title,,,,,"",0.0,,500,deny,manual,3.60,,true,true,"",https://cdn.shopify.com/s/files/1/0269/5226/9939/products/Siggi_s-Strained-Non-Fat-Peach-Icelandic-Style-Skyr-Yogurt-update-1.jpg?v=1587918132,1,,false,,,,,,,,,,,,,,,,,lb,,
siggis-raspbeerry-yogurt-250g,Siggi's Raspbeerry Yogurt 250g,"",picksystore,"","Raspbeerry, Trending, Whole, Yogurt",true,Title,Default Title,,,,,"",0.0,,500,deny,manual,3.50,,true,true,"",https://cdn.shopify.com/s/files/1/0269/5226/9939/products/Siggi_s-Nonfat-Acai-_-Mixed-Berries-Yogurt-update-1.jpg?v=1587918091,1,,false,,,,,,,,,,,,,,,,,lb,,
siggis-non-fat-yogurt-vanilla-200g,"Siggi's  Non-Fat Yogurt, Vanilla 200g","",picksystore,"","Featured, Trending, Vanilla, Whole, Yogurt",true,Title,Default Title,,,,,"",0.0,,500,deny,manual,3.00,,true,true,"",https://cdn.shopify.com/s/files/1/0269/5226/9939/products/Siggi_s-Icelandic-Style-Skyr-Non-Fat-Yogurt_-Vanilla-update-1.jpg?v=1587918044,1,,false,,,,,,,,,,,,,,,,,lb,,
organic-valley-raw-mild-cheddar-cheese-225g,Organic Valley Raw Mild Cheddar Cheese 225g,"",picksystore,"","Cheddar, Featured, Raw",true,Title,Default Title,,,,,"",0.0,,500,deny,manual,4.10,,true,true,"",https://cdn.shopify.com/s/files/1/0269/5226/9939/products/Organic-Valley-Raw-Mild-Cheddar-Cheese-update-1.jpg?v=1587917922,1,,false,,,,,,,,,,,,,,,,,lb,,
organic-valley-organic-free-range-large-eggs-12pcs,Organic Valley Organic Free-Range Large Eggs 12pcs,"",picksystore,"","Eggs, Large, Organic",true,Title,Default Title,,,,,"",0.0,,500,deny,manual,1.50,,true,true,"",https://cdn.shopify.com/s/files/1/0269/5226/9939/products/Organic-Valley-Organic-Free-Range-Large-Eggs-update-1.jpg?v=1587917828,1,,false,,,,,,,,,,,,,,,,,lb,,
organic-valley-omega-3-organic-free-range-extra-large-eggs-12pcs,Organic Valley Omega-3 Organic Free-Range Extra-Large Eggs 12pcs,"",picksystore,"","Eggs, Large, Omega-3, Trending",true,Title,Default Title,,,,,"",0.0,,500,deny,manual,1.80,,true,true,"",https://cdn.shopify.com/s/files/1/0269/5226/9939/products/Organic-Valley-Organic-Free-Range-Extra-Large-Eggs-1-update-1.jpg?v=1587917785,1,,false,,,,,,,,,,,,,,,,,lb,,
organic-valley-organic-free-range-extra-large-eggs-12pcs,Organic Valley Organic Free-Range Extra-Large Eggs 12pcs,"",picksystore,"","Featured, Large, Omega-3, Organic",true,Title,Default Title,,,,,"",0.0,,500,deny,manual,1.50,,true,true,"",https://cdn.shopify.com/s/files/1/0269/5226/9939/products/Organic-Valley-Organic-Free-Range-Extra-Large-Eggs-update-1.jpg?v=1587917739,1,,false,,,,,,,,,,,,,,,,,lb,,
deans-dairy-pure-reduced-fat-milk-750ml,Dean's Dairy Pure Reduced Fat Milk 750ml,"",picksystore,"","Milk, Pure, Semi-Skimmed",true,Title,Default Title,,,,,"",0.0,,500,deny,manual,0.70,,true,true,"",https://cdn.shopify.com/s/files/1/0269/5226/9939/products/milk-5-update-1.jpg?v=1587917705,1,,false,,,,,,,,,,,,,,,,,lb,,
fair-life-fat-free-milk-750ml,Fair Life Fat Free Milk 750ml,"",picksystore,"","Milk, Skimmed, Trending",true,Title,Default Title,,,,,"",0.0,,500,deny,manual,0.80,,true,true,"",https://cdn.shopify.com/s/files/1/0269/5226/9939/products/milk-4-update-1.jpg?v=1587917602,1,,false,,,,,,,,,,,,,,,,,lb,,
fair-life-chocolate-milk-350ml,Fair Life Chocolate Milk 350ml,"",picksystore,"","Chocolate, Featured, Milk",true,Title,Default Title,,,,,"",0.0,,500,deny,manual,1.25,,true,true,"",https://cdn.shopify.com/s/files/1/0269/5226/9939/products/milk-3-update-1.jpg?v=1587917566,1,,false,,,,,,,,,,,,,,,,,lb,,
fair-life-reduced-fat-milk-750ml,Fair Life Reduced Fat Milk 750ml,"",picksystore,"","Milk, Reduced, Trending",true,Title,Default Title,,,,,"",0.0,,500,deny,manual,0.75,,true,true,"",https://cdn.shopify.com/s/files/1/0269/5226/9939/products/milk-2-update-1.jpg?v=1587917523,1,,false,,,,,,,,,,,,,,,,,lb,,
fair-life-milk-750ml,Fair Life Milk 750ml,"",picksystore,"","Featured, Milk, Whole",true,Title,Default Title,,,,,"",0.0,,500,deny,manual,0.75,,true,true,"",https://cdn.shopify.com/s/files/1/0269/5226/9939/products/milk-1-update-1.jpg?v=1587917492,1,,false,,,,,,,,,,,,,,,,,lb,,
liberte-whole-milk-yogurt-155g,Liberte Whole Milk Yogurt 155g,"",picksystore,"","Featured, Whole, Yogurt",true,Title,Default Title,,,,,"",0.0,,500,deny,manual,1.75,,true,true,"",https://cdn.shopify.com/s/files/1/0269/5226/9939/products/Liberte-Milk-Yogart-update-1.jpg?v=1587917418,1,,false,,,,,,,,,,,,,,,,,lb,,
good-culture-organic-strawberry-cottage-cheese-500g,Good Culture  Organic Strawberry Cottage Cheese 500g,"",picksystore,"","Cheese, Organic, Trending",true,Title,Default Title,,,,,"",0.0,,500,deny,manual,4.99,,true,true,"",https://cdn.shopify.com/s/files/1/0269/5226/9939/products/Kalona-Super-Natural-Organic-Whole-Milk-Cottage-Cheese-1-update-1.jpg?v=1587917331,1,,false,,,,,,,,,,,,,,,,,lb,,
kalona-super-natural-organic-whole-milk-cottage-cheese-300g,Kalona Super Natural Organic Whole Milk Cottage Cheese 300g,"",picksystore,"","Cheese, Featured, Natural, Organic, Whole",true,Title,Default Title,,,,,"",0.0,,500,deny,manual,4.90,,true,true,"",https://cdn.shopify.com/s/files/1/0269/5226/9939/products/Kalona-Super-Natural-Organic-Whole-Milk-Cottage-Cheese-update-1.jpg?v=1587917239,1,,false,,,,,,,,,,,,,,,,,lb,,
good-culture-cottage-organic-cheese-440g,Good Culture Cottage Organic Cheese 440g,"",picksystore,"","Cheese, Featured, Packed, Whole",true,Title,Default Title,,,,,"",0.0,,500,deny,manual,2.65,,true,true,"",https://cdn.shopify.com/s/files/1/0269/5226/9939/products/Good-Culture-Cottage-Cheese_-Organic-update-1.jpg?v=1587917191,1,,false,,,,,,,,,,,,,,,,,lb,,
belcampo-organic-pasture-raised-eggs-10pcs,Belcampo Organic Pasture Raised Eggs 10pcs,"",picksystore,"","Eggs, Fresh, Traditional, Trending",true,Title,Default Title,,,,,"",0.0,,500,deny,manual,1.25,,true,true,"",https://cdn.shopify.com/s/files/1/0269/5226/9939/products/BelcampoOrganicPastureRaisedEggs.jpg?v=1587724443,1,,false,,,,,,,,,,,,,,,,,lb,,
alexandre-family-organic-jumbo-eggs-12pcs,Alexandre Family Organic Jumbo Eggs 12pcs,"",picksystore,"","Eggs, Featured, Jumbo, Organic",true,Title,Default Title,,,,,"",0.0,,500,deny,manual,1.50,,true,true,"",https://cdn.shopify.com/s/files/1/0269/5226/9939/products/Alexandre-Family-Organic-Jumbo-Eggs-update-1.jpg?v=1587916569,1,,false,,,,,,,,,,,,,,,,,lb,,
steep-lemon-ginger-tea-40g,Steep Lemon & Ginger Tea 40g,"",picksystore,"","Boxed, Featured, Organic, Tea",true,Title,Default Title,,,,,"",0.0,,500,deny,manual,3.95,,true,true,"",https://cdn.shopify.com/s/files/1/0269/5226/9939/products/tea-9-update-1.jpg?v=1587915068,1,,false,,,,,,,,,,,,,,,,,lb,,
taze-turmeric-bliss-herbal-tea-30g,Taze Turmeric Bliss Herbal Tea 30g,"",picksystore,"","Boxed, Tea, Trending",true,Title,Default Title,,,,,"",0.0,,500,deny,manual,4.45,,true,true,"",https://cdn.shopify.com/s/files/1/0269/5226/9939/products/tea-8-update-1.jpg?v=1587914985,1,,false,,,,,,,,,,,,,,,,,lb,,
steep-organic-oolong-jasmine-green-tea-50g-1,Steep Organic Oolong & Jasmine Green Tea 50g,"",picksystore,"","Boxed, Featured, Organic, Tea",true,Title,Default Title,,,,,"",0.0,,500,deny,manual,6.20,,true,true,"",https://cdn.shopify.com/s/files/1/0269/5226/9939/products/tea-7-update-1.jpg?v=1587914942,1,,false,,,,,,,,,,,,,,,,,lb,,
twinings-green-tea-40g,Twinings Green Tea 40g,"",picksystore,"","Boxed, Featured, Green, Tea, Traditional",true,Title,Default Title,,,,,"",0.0,,500,deny,manual,3.00,,true,true,"",https://cdn.shopify.com/s/files/1/0269/5226/9939/products/tea-4-update-1.jpg?v=1587914907,1,,false,,,,,,,,,,,,,,,,,lb,,
temple-leaf-detox-cleansing-revitalizing-tea-40g,Temple Leaf Detox Cleansing & Revitalizing Tea 40g,"",picksystore,"","Boxed, Energy, Featured, Tea",true,Title,Default Title,,,,,"",0.0,,500,deny,manual,4.99,,true,true,"",https://cdn.shopify.com/s/files/1/0269/5226/9939/products/tea-3-update-1.jpg?v=1587914858,1,,false,,,,,,,,,,,,,,,,,lb,,
traditional-medicinals-organic-throat-coat-seasonal-tea-30g,Traditional Medicinals Organic Throat Coat Seasonal Tea 30g,"",picksystore,"","Boxed, Tea, Traditional, Trending",true,Title,Default Title,,,,,"",0.0,,500,deny,manual,5.90,,true,true,"",https://cdn.shopify.com/s/files/1/0269/5226/9939/products/tea-2-update-1.jpg?v=1587914756,1,,false,,,,,,,,,,,,,,,,,lb,,
temple-leaf-super-slim-herbal-tea,Temple Leaf Super Slim Herbal Tea,"",picksystore,"","Boxed, Featured, Slim, Tea",true,Title,Default Title,,,,,"",0.0,,500,deny,manual,0.95,,true,true,"",https://cdn.shopify.com/s/files/1/0269/5226/9939/products/tea-1-update-1.jpg?v=1587914715,1,,false,,,,,,,,,,,,,,,,,lb,,
taze-matcha-mate-grapefruit-tea-150g,Taze Matcha Mate Grapefruit Tea 150g,"",picksystore,"","Boxed, Matcha, Tea, Trending",true,Title,Default Title,,,,,"",0.0,,500,deny,manual,2.60,,true,true,"",https://cdn.shopify.com/s/files/1/0269/5226/9939/products/tea--6-update-1.jpg?v=1587914684,1,,false,,,,,,,,,,,,,,,,,lb,,
temple-leaf-diet-green-tea-40g,Temple leaf Diet Green Tea 40g,"",picksystore,"","Boxed, Diet, Featured, Tea",true,Title,Default Title,,,,,"",0.0,,500,deny,manual,4.80,,true,true,"",https://cdn.shopify.com/s/files/1/0269/5226/9939/products/tea--5-update-1.jpg?v=1587914631,1,,false,,,,,,,,,,,,,,,,,lb,,
jarritos-tamarind-180ml,Jarritos Tamarind 180ml,"",picksystore,"","Bottled, Fizzy",true,Title,Default Title,,,,,"",0.0,,500,deny,manual,0.90,,true,true,"",https://cdn.shopify.com/s/files/1/0269/5226/9939/products/Fizzy-drinks-9-update-1.jpg?v=1587973733,1,,false,,,,,,,,,,,,,,,,,lb,,
starbucks-frappucino-quad-pack-960ml,Starbucks Frappucino Quad Pack 960ml,"",picksystore,"","Coffee, Featured, Frappucino, Trending",true,Title,Default Title,,,,,"",0.0,,500,deny,manual,5.99,,true,true,"",https://cdn.shopify.com/s/files/1/0269/5226/9939/products/Fizzy-drinks-8-update-1.jpg?v=1587914167,1,,false,,,,,,,,,,,,,,,,,lb,,
coca-cola-500ml,Coca Cola 500ml,"",picksystore,"","Bottled, Coke, Fizzy, Trending",true,Title,Default Title,,,,,"",0.0,,500,deny,manual,0.45,,true,true,"",https://cdn.shopify.com/s/files/1/0269/5226/9939/products/Fizzy-drinks-7-update-1.jpg?v=1587914110,1,,false,,,,,,,,,,,,,,,,,lb,,
starbucks-double-shot-energy-395ml,Starbucks Double Shot Energy 395ml,"",picksystore,"","Coffee, Energy, Expresso, Trending",true,Title,Default Title,,,,,"",0.0,,500,deny,manual,2.99,,true,true,"",https://cdn.shopify.com/s/files/1/0269/5226/9939/products/Fizzy-drinks-4-update-1.jpg?v=1587914051,1,,false,,,,,,,,,,,,,,,,,lb,,
kerns-strawberry-nectar-320ml,Kern's Strawberry Nectar 320ml,"",picksystore,"","Featured, Juice, Nectar",true,Title,Default Title,,,,,"",0.0,,500,deny,manual,0.85,,true,true,"",https://cdn.shopify.com/s/files/1/0269/5226/9939/products/Fizzy-drinks-1-update-1.jpg?v=1587914021,1,,false,,,,,,,,,,,,,,,,,lb,,
starbucks-mocha-frappuccino-280ml,Starbucks Mocha Frappuccino 280ml,"",picksystore,"","Bottled, Coffee, Frappuccino, Trending",true,Title,Default Title,,,,,"",0.0,,500,deny,manual,2.10,,true,true,"",https://cdn.shopify.com/s/files/1/0269/5226/9939/products/Fizzy-drinks--6-update-1.jpg?v=1587973872,1,,false,,,,,,,,,,,,,,,,,lb,,
jumex-guava-nectar-335ml,Jumex Guava Nectar 335ml,"",picksystore,"","Canned, Juice, Nectar, Trending",true,Title,Default Title,,,,,"",0.0,,500,deny,manual,0.90,,true,true,"",https://cdn.shopify.com/s/files/1/0269/5226/9939/products/Fizzy-drinks--5-update-1.jpg?v=1587973676,1,,false,,,,,,,,,,,,,,,,,lb,,
hansens-natural-root-beer-355ml,Hansen's Natural Root Beer 355ml,"",picksystore,"","Canned, Featured, Fizzy, Soda",true,Title,Default Title,,,,,"",0.0,,500,deny,manual,1.20,,true,true,"",https://cdn.shopify.com/s/files/1/0269/5226/9939/products/Fizzy-drinks--3-update-1.jpg?v=1587913731,1,,false,,,,,,,,,,,,,,,,,lb,,
diet-hansens-diet-root-beer-335ml,Diet Hansen's Diet Root Beer 335ml,"",picksystore,"","Beer, Diet, Fizzy",true,Title,Default Title,,,,,"",0.0,,500,deny,manual,1.25,,true,true,"",https://cdn.shopify.com/s/files/1/0269/5226/9939/products/Fizzy-drinks--2-update-1.jpg?v=1587913668,1,,false,,,,,,,,,,,,,,,,,lb,,
doritos-nacho-cheese-165g,Doritos Nacho Cheese 165g,"",picksystore,"","Crispy, Packed, Party Size, Sliced",true,Title,Default Title,,,,,"",0.0,,500,deny,manual,1.95,,true,true,"",https://cdn.shopify.com/s/files/1/0269/5226/9939/products/crisp-10-update-1.jpg?v=1587913564,1,,false,,,,,,,,,,,,,,,,,lb,,
doritos-cool-ranch-30g,Doritos Cool Ranch 30g,"",picksystore,"","Crispy, Packed, Sliced, Trending",true,Title,Default Title,,,,,"",0.0,,500,deny,manual,0.80,,true,true,"",https://cdn.shopify.com/s/files/1/0269/5226/9939/products/crisp-7-update-1.jpg?v=1587913531,1,,false,,,,,,,,,,,,,,,,,lb,,
sun-chips-450g,Sun Chips 450g,"",picksystore,"","Crispy, Packed, Potatoes, Sliced",true,Title,Default Title,,,,,"",0.0,,500,deny,manual,2.99,,true,true,"",https://cdn.shopify.com/s/files/1/0269/5226/9939/products/crisp-6-update-1.jpg?v=1587913349,1,,false,,,,,,,,,,,,,,,,,lb,,
lays-stax-150g,Lay's Stax 150g,"",picksystore,"","Crispy, Featured, Packed, Sliced",true,Title,Default Title,,,,,"",0.0,,500,deny,manual,2.20,,true,true,"",https://cdn.shopify.com/s/files/1/0269/5226/9939/products/crisp-4-update-1.jpg?v=1587913317,1,,false,,,,,,,,,,,,,,,,,lb,,
pringles-original-150g,Pringles Original 150g,"",picksystore,"","Crispy, Original, Packed, Sliced, Trending",true,Title,Default Title,,,,,"",0.0,,550,deny,manual,1.95,,true,true,"",https://cdn.shopify.com/s/files/1/0269/5226/9939/products/crisp-2-update-1.jpg?v=1587913274,1,,false,,,,,,,,,,,,,,,,,lb,,
pringles-chadder-cheese-225g,Pringles Chadder Cheese 150g,"",picksystore,"","Cheese, Crispy, Featured, Packed, Sliced",true,Title,Default Title,,,,,"",0.0,,500,deny,manual,1.99,,true,true,"",https://cdn.shopify.com/s/files/1/0269/5226/9939/products/crisp-1-update-1.jpg?v=1587913216,1,,false,,,,,,,,,,,,,,,,,lb,,
popchips-sour-cream-onion-450g,Popchips Sour Cream & Onion 450g,"",picksystore,"","Crispy, Packed, Popcorn",true,Title,Default Title,,,,,"",0.0,,500,deny,manual,1.25,,true,true,"",https://cdn.shopify.com/s/files/1/0269/5226/9939/products/crisp--9-update-1.jpg?v=1587913171,1,,false,,,,,,,,,,,,,,,,,lb,,
lays-barbecue-party-size-415g,Lay's Barbecue  Party Size 415g,"",picksystore,"","BBQ, Crispy, Featured, Packed, Sliced",true,Title,Default Title,,,,,"",0.0,,505,deny,manual,2.10,,true,true,"",https://cdn.shopify.com/s/files/1/0269/5226/9939/products/crisp--8-update-1.jpg?v=1587913110,1,,false,,,,,,,,,,,,,,,,,lb,,
pringles-bbq-150g,Pringles BBQ 150g,"",picksystore,"","BBQ, Crispy, Featured, Packed, Sliced",true,Title,Default Title,,,,,"",0.0,,500,deny,manual,1.95,,true,true,"",https://cdn.shopify.com/s/files/1/0269/5226/9939/products/crisp--3-update-1.jpg?v=1587912869,1,,false,,,,,,,,,,,,,,,,,lb,,
caffe-vergnano-torino-coffee-225g,Caffe Vergnano Torino Coffee 225g,"",picksystore,"","Beans, Coffee, Fresh, Hot, Packed",true,Title,Default Title,,,,,"",0.0,,500,deny,manual,2.95,,true,true,"",https://cdn.shopify.com/s/files/1/0269/5226/9939/products/Coffee-8-update-1.jpg?v=1587912712,1,,false,,,,,,,,,,,,,,,,,lb,,
caffe-vergnano-express-445g,Caffe Vergnano Expresso 445g,"",picksystore,"","Coffee, Expresso, Featured, Powder",true,Title,Default Title,,,,,"",0.0,,500,deny,manual,4.20,,true,true,"",https://cdn.shopify.com/s/files/1/0269/5226/9939/products/Coffee-10-update-1.jpg?v=1587912665,1,,false,,,,,,,,,,,,,,,,,lb,,
lavazza-tierra-ground-coffee-225g,Lavazza Tierra Ground Coffee 225g,"",picksystore,"","Featured, Fresh, Ground, Hot",true,Title,Default Title,,,,,"",0.0,,510,deny,manual,3.25,,true,true,"",https://cdn.shopify.com/s/files/1/0269/5226/9939/products/Coffee--9-update-1.jpg?v=1587912634,1,,false,,,,,,,,,,,,,,,,,lb,,
caffe-vergnano-arabica-100-koka-495g,Caffe Vergnano Arabica 100% Koka 495g,"",picksystore,"","Hot, Powder, Trending",true,Title,Default Title,,,,,"",0.0,,500,deny,manual,4.99,,true,true,"",https://cdn.shopify.com/s/files/1/0269/5226/9939/products/Coffee--6-update-1.jpg?v=1587973800,1,,false,,,,,,,,,,,,,,,,,lb,,
lavazza-classic-coffee-beans-450g,Lavazza Classic Coffee Beans 450g,"",picksystore,"","Beans, Coffee, Fresh, Hot",true,Title,Default Title,,,,,"",0.0,,500,deny,manual,4.75,,true,false,"",https://cdn.shopify.com/s/files/1/0269/5226/9939/products/Coffee--4-update-1.jpg?v=1587912528,1,,false,,,,,,,,,,,,,,,,,lb,,
caffe-vergnano-coffee-beans-450g,Caffe Vergnano Coffee Beans 450g,"",picksystore,"","Beans, Coffee, Hot, Trending",true,Title,Default Title,,,,,"",0.0,,500,deny,manual,4.95,,true,true,"",https://cdn.shopify.com/s/files/1/0269/5226/9939/products/Coffee-7-update-1.jpg?v=1587973829,1,,false,,,,,,,,,,,,,,,,,lb,,
lavazza-coffee-350g,Lavazza Coffee 350g,"",picksystore,"","Beans, Coffee, Featured, Fresh",true,Title,Default Title,,,,,"",0.0,,500,deny,manual,3.30,,true,true,"",https://cdn.shopify.com/s/files/1/0269/5226/9939/products/Coffee--2-update-1.jpg?v=1587912412,1,,false,,,,,,,,,,,,,,,,,lb,,
caramel-lovers-400g,Caramel Lovers 400g,"",picksystore,"","Bar, Caramel, Chocolate, Mixbag",true,Title,Default Title,,,,,"",0.0,,500,deny,manual,4.20,,true,true,"",https://cdn.shopify.com/s/files/1/0269/5226/9939/products/Chocolates-10-update-1.jpg?v=1587973992,1,,false,,,,,,,,,,,,,,,,,lb,,
m-ms-lovers-300g,m&m's Lovers 300g,"",picksystore,"","Chocolate, Nut, Trending",true,Title,Default Title,,,,,"",0.0,,500,deny,manual,4.00,,true,true,"",https://cdn.shopify.com/s/files/1/0269/5226/9939/products/Chocolates-7-update-1.jpg?v=1587899249,1,,false,,,,,,,,,,,,,,,,,lb,,
twix-minis-450g,Twix Minis 450g,"",picksystore,"","Bar, Caramel, Chocolate, Mixbag, Nut, Trending",true,Title,Default Title,,,,,"",0.0,,500,deny,manual,3.99,,true,true,"",https://cdn.shopify.com/s/files/1/0269/5226/9939/products/Chocolates-6-update-1.jpg?v=1587899212,1,,false,,,,,,,,,,,,,,,,,lb,,
twix-30g,Twix 30g,"",picksystore,"","Bar, Caramel, Chocolate, Featured",true,Title,Default Title,,,,,"",0.0,,500,deny,manual,0.45,,true,true,"",https://cdn.shopify.com/s/files/1/0269/5226/9939/products/Chocolates-5-update-1.jpg?v=1587899170,1,,false,,,,,,,,,,,,,,,,,lb,,
hersheys-milk-chocolate-30g,Hershey's Milk Chocolate 30g,"",picksystore,"","Bar, Caramel, Chocolate, Featured",true,Title,Default Title,,,,,"",0.0,,500,deny,manual,0.60,,true,true,"",https://cdn.shopify.com/s/files/1/0269/5226/9939/products/Chocolates-3-update-1.jpg?v=1587899124,1,,false,,,,,,,,,,,,,,,,,lb,,
kitkat-40g,Kitkat 40g,"",picksystore,"","Bar, Chocolate, Crispy, Trending",true,Title,Default Title,,,,,"",0.0,,500,deny,manual,0.85,,true,true,"",https://cdn.shopify.com/s/files/1/0269/5226/9939/products/Chocolates-2-update-1.jpg?v=1587973942,1,,false,,,,,,,,,,,,,,,,,lb,,
skor-20g,Skor 20g,"",picksystore,"","Bar, Caramel, Chocolate",true,Title,Default Title,,,,,"",0.0,,500,deny,manual,0.30,,true,true,"",https://cdn.shopify.com/s/files/1/0269/5226/9939/products/Chocolates-1-update-1.jpg?v=1587899058,1,,false,,,,,,,,,,,,,,,,,lb,,
snikers-minis-200g,Snikers Minis 200g,"",picksystore,"","Bar, Chocolate, Featured, Mixbag",true,Title,Default Title,,,,,"",0.0,,200,deny,manual,2.90,,true,true,"",https://cdn.shopify.com/s/files/1/0269/5226/9939/products/Chocolates--9-update-1.jpg?v=1587974023,1,,false,,,,,,,,,,,,,,,,,lb,,
kitkat-minatures-100g,Kitkat Minatures 100g,"",picksystore,"","Bar, Chocolate, Mixbag, Trending",true,Title,Default Title,,,,,"",0.0,,200,deny,manual,3.50,,true,true,"",https://cdn.shopify.com/s/files/1/0269/5226/9939/products/Chocolates--8-update-1.jpg?v=1587973969,1,,false,,,,,,,,,,,,,,,,,lb,,
snickers-50g,Snickers 50g,"",picksystore,"","Bar, Chocolate, Nut, Trending",true,Title,Default Title,,,,,"",0.0,,300,deny,manual,35.00,,true,true,"",https://cdn.shopify.com/s/files/1/0269/5226/9939/products/Chocolates--4-update-1.jpg?v=1587898870,1,,false,,,,,,,,,,,,,,,,,lb,,
sprouts-diced-yellow-onions-1kg,Sprouts Diced Yellow Onions 1kg,"",picksystore,"","Diced, Featured, Packed",true,Title,Default Title,,,,,"",0.0,,300,deny,manual,1.20,,true,true,"",https://cdn.shopify.com/s/files/1/0269/5226/9939/products/pack-veg-10-update-1.jpg?v=1587896756,1,,false,,,,,,,,,,,,,,,,,lb,,
taylor-farms-mixed-vegetables-750g,Taylor Farm's Mixed Vegetables 750g,"",picksystore,"","Diced, Packed, Sliced, Trending, Vegetables",true,Title,Default Title,,,,,"",0.0,,510,deny,manual,2.95,,true,true,"",https://cdn.shopify.com/s/files/1/0269/5226/9939/products/pack-veg-9-update-1.jpg?v=1587896719,1,,false,,,,,,,,,,,,,,,,,lb,,
earthbound-farm-organic-vegetable-tray-500g,Earthbound Farm Organic Vegetable Tray 500g,"",picksystore,"","Featured, Herbs, Sliced, Vegetables",true,Title,Default Title,,,,,"",0.0,,500,deny,manual,2.95,,true,true,"",https://cdn.shopify.com/s/files/1/0269/5226/9939/products/pack-veg-8-update-1.jpg?v=1587896667,1,,false,,,,,,,,,,,,,,,,,lb,,
wegmans-peppers-200g,Wegman's Peppers 200g,"",picksystore,"","Packed, Trending, Vegetables",true,Title,Default Title,,,,,"",0.0,,500,deny,manual,3.10,,true,true,"",https://cdn.shopify.com/s/files/1/0269/5226/9939/products/pack-veg-7-update-1.jpg?v=1587896630,1,,false,,,,,,,,,,,,,,,,,lb,,
wegmans-carrots-500g,Wegman's Carrots 500g,"",picksystore,"","Diced, Featured, Packed, Vegetables",true,Title,Default Title,,,,,"",0.0,,500,deny,manual,2.10,,true,true,"",https://cdn.shopify.com/s/files/1/0269/5226/9939/products/pack-veg-6-update-1.jpg?v=1587896506,1,,false,,,,,,,,,,,,,,,,,lb,,
packed-edamame-200g,Packed Edamame 200g,"",picksystore,"","Featured, Packed, vegetable",true,Title,Default Title,,,,,"",0.0,,500,deny,manual,0.80,,true,true,"",https://cdn.shopify.com/s/files/1/0269/5226/9939/products/pack-veg-5-update-1.jpg?v=1587896443,1,,false,,,,,,,,,,,,,,,,,lb,,
wegmans-romain-heart-100g,Wegman's Romain Heart 100g,"",picksystore,"","creeper, Herbs, Packed, Sliced, Vegetables",true,Title,Default Title,,,,,"",0.0,,200,deny,manual,1.30,,true,true,"",https://cdn.shopify.com/s/files/1/0269/5226/9939/products/pack-veg-4-update-1.jpg?v=1587896343,1,,false,,,,,,,,,,,,,,,,,lb,,
fresh-co-organic-lettuce-100g,Fresh& Co Organic Lettuce 100g,"",picksystore,"","creeper, Featured, Packed, Sliced",true,Title,Default Title,,,,,"",0.0,,500,deny,manual,1.60,,true,true,"",https://cdn.shopify.com/s/files/1/0269/5226/9939/products/pack-veg-3-update-1.jpg?v=1587896263,1,,false,,,,,,,,,,,,,,,,,lb,,
sprouts-diced-tri-pepper-200g,Sprouts Diced Tri Pepper 200g,"",picksystore,"","Diced, Packed, Trending, Vegetables",true,Title,Default Title,,,,,"",0.0,,200,deny,manual,2.25,,true,true,"",https://cdn.shopify.com/s/files/1/0269/5226/9939/products/pack-veg-2-update-1.jpg?v=1587896154,1,,false,,,,,,,,,,,,,,,,,lb,,
pico-de-gallo-200g,Sprout's Pico De Gallo 200g,"",picksystore,"","Diced, Packed, Vegetables",true,Title,Default Title,,,,,"",0.0,,500,deny,manual,2.10,,true,true,"",https://cdn.shopify.com/s/files/1/0269/5226/9939/products/pack-veg-1-update-1.jpg?v=1587895966,1,,false,,,,,,,,,,,,,,,,,lb,,
mint-leaf-100g,Mint Leaf 100g,"",picksystore,"","creeper, Fresh, Herbs, Vegetables",true,Title,Default Title,,,,,"",0.0,,200,deny,manual,1.80,,true,true,"",https://cdn.shopify.com/s/files/1/0269/5226/9939/products/herb-veg-10-update-1.jpg?v=1587895921,1,,false,,,,,,,,,,,,,,,,,lb,,
wild-arugula-100g,Wild Arugula 100g,"",picksystore,"","Fresh, Herbs, Packed, Trending",true,Title,Default Title,,,,,"",0.0,,200,deny,manual,1.25,,true,true,"",https://cdn.shopify.com/s/files/1/0269/5226/9939/products/herb-veg-8-update-1.jpg?v=1587895886,1,,false,,,,,,,,,,,,,,,,,lb,,
organic-girl-baby-arugula-100g,Organic Girl Baby Arugula 100g,"",picksystore,"","Featured, Herbs, Packed, Vegetables",true,Title,Default Title,,,,,"",0.0,,500,deny,manual,1.50,,true,true,"",https://cdn.shopify.com/s/files/1/0269/5226/9939/products/herb-veg-7-update-1.jpg?v=1587895843,1,,false,,,,,,,,,,,,,,,,,lb,,
basil-50g,Basil 50g,"",picksystore,"","Creeper, Fresh, Herbs, Vegetables",true,Title,Default Title,,,,,"",0.0,,200,deny,manual,0.45,,true,true,"",https://cdn.shopify.com/s/files/1/0269/5226/9939/products/herb-veg-2-update-1.jpg?v=1587895398,1,,false,,,,,,,,,,,,,,,,,lb,,
living-basil-100g,Living Basil 100g,"",picksystore,"","Creeper, Fresh, Packed, vegetable",true,Title,Default Title,,,,,"",0.0,,500,deny,manual,1.10,,true,true,"",https://cdn.shopify.com/s/files/1/0269/5226/9939/products/herb-veg-5-update-1.jpg?v=1587895714,1,,false,,,,,,,,,,,,,,,,,lb,,
parsley-100g,Parsley 100g,"",picksystore,"","Fresh, Herbs, Vegetables",true,Title,Default Title,,,,,"",0.0,,100,deny,manual,0.50,,true,true,"",https://cdn.shopify.com/s/files/1/0269/5226/9939/products/herb-veg-4-update-1.jpg?v=1587895668,1,,false,,,,,,,,,,,,,,,,,lb,,
tarragon-mint-leaves-100g,Tarragon Mint Leaves 100g,"",picksystore,"","Creeper, Featured, Fresh, vegetable",true,Title,Default Title,,,,,"",0.0,,200,deny,manual,1.50,,true,true,"",https://cdn.shopify.com/s/files/1/0269/5226/9939/products/herb-veg-3-update-1.jpg?v=1587895546,1,,false,,,,,,,,,,,,,,,,,lb,,
baby-dill-100g,Baby Dill 100g,"",picksystore,"","Creeper, Fresh, Vegetables",true,Title,Default Title,,,,,"",0.0,,300,deny,manual,1.25,,true,true,"",https://cdn.shopify.com/s/files/1/0269/5226/9939/products/herb-veg-2-update-1_6885752b-4be0-47ae-88f7-18253913f386.jpg?v=1587895507,1,,false,,,,,,,,,,,,,,,,,lb,,
basil-100g,Farm Fresh Basil 100g,"",picksystore,"","creeper, Fresh, Vegetables",true,Title,Default Title,,,,,"",0.0,,200,deny,manual,1.00,,true,true,"",https://cdn.shopify.com/s/files/1/0269/5226/9939/products/herb-veg-1-update-1.jpg?v=1587895178,1,,false,,,,,,,,,,,,,,,,,lb,,
potatoes-1kg,Potatoes 1kg,"",picksystore,"","Featured, Fresh, Trending, Vegetables",true,Title,Default Title,,,,,"",0.0,,200,deny,manual,0.45,,true,true,"",https://cdn.shopify.com/s/files/1/0269/5226/9939/products/fresh-veg-10-update-1.jpg?v=1587895151,1,,false,,,,,,,,,,,,,,,,,lb,,
onions-1kg,Onions 1kg,"",picksystore,"","Featured, Fresh, Trending, Vegetables",true,Title,Default Title,,,,,"",0.0,,500,deny,manual,0.60,,true,true,"",https://cdn.shopify.com/s/files/1/0269/5226/9939/products/fresh-veg-9-update-1.jpg?v=1587895122,1,,false,,,,,,,,,,,,,,,,,lb,,
asparagus-tips-500g,Asparagus Tips 500g,"",picksystore,"","Fresh, Vegetables",true,Title,Default Title,,,,,"",0.0,,500,deny,manual,1.95,,true,true,"",https://cdn.shopify.com/s/files/1/0269/5226/9939/products/fresh-veg-8-update-1.jpg?v=1587973621,1,,false,,,,,,,,,,,,,,,,,lb,,
sweet-corn-250g,Sweet Corn 250g,"",picksystore,"","Fresh, Trending, Vegetables",true,Title,Default Title,,,,,"",0.0,,200,deny,manual,0.98,,true,true,"",https://cdn.shopify.com/s/files/1/0269/5226/9939/products/fresh-veg-7-update-1.jpg?v=1587895071,1,,false,,,,,,,,,,,,,,,,,lb,,
radish-500g,Radish 500g,"",picksystore,"","Featured, Fresh, Trending, vegetable",true,Title,Default Title,,,,,"",0.0,,200,deny,manual,1.50,,true,true,"",https://cdn.shopify.com/s/files/1/0269/5226/9939/products/fresh-veg-6-update-1.jpg?v=1587895028,1,,false,,,,,,,,,,,,,,,,,lb,,
green-beans-250g,Green Beans 250g,"",picksystore,"","Featured, Fresh, Vegetables",true,Title,Default Title,,,,,"",0.0,,200,deny,manual,1.25,,true,true,"",https://cdn.shopify.com/s/files/1/0269/5226/9939/products/fresh-veg-5-update-1.jpg?v=1587893021,1,,false,,,,,,,,,,,,,,,,,lb,,
fennel-500-g,Fennel 500g,"",picksystore,"","Fresh, Trending, Vegetables",true,Title,Default Title,,,,,"",0.0,,200,deny,manual,0.98,,true,true,"",https://cdn.shopify.com/s/files/1/0269/5226/9939/products/freshveg4updated1-update-1.jpg?v=1587893003,1,,false,,,,,,,,,,,,,,,,,lb,,
carrots-1-kg,Carrots 1 Kg,"",picksystore,"","Fresh, Trending, Vegetables",true,Title,Default Title,,,,,"",0.0,,200,deny,manual,0.59,,true,true,"",https://cdn.shopify.com/s/files/1/0269/5226/9939/products/fresh-veg-3-update-1.jpg?v=1587892982,1,,false,,,,,,,,,,,,,,,,,lb,,
cherry-tomato-250g,Cherry tomato 250g,"",picksystore,"","Fresh, Trending, Vegetables",true,Title,Default Title,,,,,"",0.0,,500,deny,manual,1.25,,true,true,"",https://cdn.shopify.com/s/files/1/0269/5226/9939/products/fresh-veg-2-update-1.jpg?v=1587892919,1,,false,,,,,,,,,,,,,,,,,lb,,
broccoli-500g,Broccoli 500g,"",picksystore,"","Featured, Fresh, Vegetables",true,Title,Default Title,,,,,"",0.0,,500,deny,manual,1.95,,true,true,"",https://cdn.shopify.com/s/files/1/0269/5226/9939/products/fresh-veg-1-update-1.jpg?v=1587892666,1,,false,,,,,,,,,,,,,,,,,lb,,
